{"cameraMode":{"drawMode":0,"name":"Shaded","section":"Shading Mode"},"sceneLighting":true,"audioPlay":false,"sceneViewState":{"m_AlwaysRefresh":false,"showFog":true,"showSkybox":true,"showFlares":true,"showImageEffects":true,"showParticleSystems":true,"showVisualEffectGraphs":true,"m_FxEnabled":true},"in2DMode":false,"pivot":{"x":416.33526611328127,"y":725.1700439453125,"z":-477.5179748535156},"rotation":{"x":-0.03360944613814354,"y":-0.08702591061592102,"z":-0.0077804503962397579,"w":-0.9956434369087219},"size":11.389760971069336,"orthographic":false}