{"cameraMode":{"drawMode":0,"name":"Shaded","section":"Shading Mode"},"sceneLighting":true,"audioPlay":false,"sceneViewState":{"m_AlwaysRefresh":false,"showFog":true,"showSkybox":true,"showFlares":true,"showImageEffects":true,"showParticleSystems":true,"showVisualEffectGraphs":true,"m_FxEnabled":true},"in2DMode":false,"pivot":{"x":515.553955078125,"y":883.0847778320313,"z":-229.94943237304688},"rotation":{"x":-0.37725940346717837,"y":-0.0066480208188295368,"z":-0.008803240023553372,"w":-0.9260841608047485},"size":11.389760971069336,"orthographic":false}