{"cameraMode":{"drawMode":0,"name":"Shaded","section":"Shading Mode"},"sceneLighting":true,"audioPlay":false,"sceneViewState":{"m_AlwaysRefresh":false,"showFog":true,"showSkybox":true,"showFlares":true,"showImageEffects":true,"showParticleSystems":true,"showVisualEffectGraphs":true,"m_FxEnabled":true},"in2DMode":false,"pivot":{"x":417.5394287109375,"y":724.6251220703125,"z":-477.8082580566406},"rotation":{"x":-0.04572002962231636,"y":-0.11394766718149185,"z":-0.005506052169948816,"w":-0.9924538731575012},"size":11.389760971069336,"orthographic":false}